<?xml version="1.0" encoding="UTF-8"?>
<api context="/city" name="CityInformationAPI" xmlns="http://ws.apache.org/ns/synapse">
    <resource methods="GET" uri-template="/lookup/{zipCode}">
        <inSequence>
            <payloadFactory description="Build Request Payload" media-type="xml">
                <format>
                    <tem:LookupCity xmlns:tem="http://tempuri.org">
                        <tem:zip>$1</tem:zip>
                    </tem:LookupCity>
                </format>
                <args>
                    <arg evaluator="xml" expression="get-property('uri.var.zipCode')"/>
                </args>
            </payloadFactory>
            <header description="Set SOAPAction header" name="Action" scope="default" value="http://tempuri.org/SOAP.Demo.LookupCity"/>
            <property action="remove" description="Avoid appending resource to endpoint URL" name="REST_URL_POSTFIX" scope="axis2"/>
            <call description="Send Request Payload to SOAP endpoint">
                <endpoint key="CityLookupEP"/>
            </call>
            <enrich description="Take particular child element from response and enrich message context">
                <source clone="true" xpath="//*[local-name() = 'LookupCityResult']"/>
                <target type="body"/>
            </enrich>
            <property description="Convert XML payload to JSON" name="messageType" scope="axis2" type="STRING" value="application/json"/>
            <respond description="Send respose payload to the client"/>
        </inSequence>
        <outSequence/>
        <faultSequence/>
    </resource>
</api>
