<?xml version="1.0" encoding="UTF-8"?><artifacts>
    <artifact name="CalculatorAddEP" groupId="wso2.sampleHeaderBasedRoutingTemplate.endpoint" version="1.0.0" type="synapse/endpoint" serverRole="EnterpriseServiceBus">
        <file>src/main/synapse-config/endpoints/CalculatorAddEP.xml</file>
    </artifact>
    <artifact name="CalculatorDivideEP" groupId="wso2.sampleHeaderBasedRoutingTemplate.endpoint" version="1.0.0" type="synapse/endpoint" serverRole="EnterpriseServiceBus">
        <file>src/main/synapse-config/endpoints/CalculatorDivideEP.xml</file>
    </artifact>
    <artifact name="CalculatorAPI" groupId="wso2.sampleHeaderBasedRoutingTemplate.api" version="1.0.0" type="synapse/api" serverRole="EnterpriseServiceBus">
        <file>src/main/synapse-config/api/CalculatorAPI.xml</file>
    </artifact>
    <artifact name="CalculatorAPI_swagger" groupId="wso2.sampleHeaderBasedRoutingTemplate.metadata" version="1.0.0" type="synapse/metadata" serverRole="EnterpriseServiceBus">
        <file>src/main/resources/metadata/CalculatorAPI_swagger.yaml</file>
    </artifact>
    <artifact name="CalculatorAPI_metadata" groupId="wso2.sampleHeaderBasedRoutingTemplate.metadata" version="1.0.0" type="synapse/metadata" serverRole="EnterpriseServiceBus">
        <file>src/main/resources/metadata/CalculatorAPI_metadata.yaml</file>
    </artifact>
</artifacts>
