<?xml version="1.0" encoding="UTF-8"?>
<sequence name="UserRegistrationResponseSeq" trace="disable" xmlns="http://ws.apache.org/ns/synapse">
    <filter description="Check HTTP status code 200 or 201 return from the backend" regex="2[0-9][0-9]" source="$axis2:HTTP_SC">
        <then>
            <payloadFactory description="Record successful registration" media-type="json">
                <format>{
   "Response":{
      "User ID" : "$1",
       "Name" : "$2",
      "Registration" : "Successful"
   }
}</format>
                <args>
                    <arg evaluator="json" expression="$.id"/>
                    <arg evaluator="json" expression="$.name"/>
                </args>
            </payloadFactory>
        </then>
        <else>
            <payloadFactory description="Record failure registration" media-type="json">
                <format>{
   "Response":{
      "User ID" : "$1",
       "Name" : "$2",
      "Registration" : "Fail"
   }
}</format>
                <args>
                    <arg evaluator="json" expression="$.id"/>
                    <arg evaluator="json" expression="$.name"/>
                </args>
            </payloadFactory>
        </else>
    </filter>
    <log description="Log Response" level="custom">
        <property expression="json-eval($)" name="Response"/>
    </log>
</sequence>
