<?xml version="1.0" encoding="UTF-8"?>
<inboundEndpoint name="SalesOrderQueueInboundEP" onError="SalesOrderQueueErrorSeq" protocol="rabbitmq" sequence="SalesOrderQueueProcessSeq" suspend="false" xmlns="http://ws.apache.org/ns/synapse">
    <parameters>
        <parameter name="sequential">true</parameter>
        <parameter name="coordination">true</parameter>
        <parameter name="rabbitmq.connection.factory">AMQPConnectionFactory</parameter>
        <parameter name="rabbitmq.server.host.name">localhost</parameter>
        <parameter name="rabbitmq.server.port">5672</parameter>
        <parameter name="rabbitmq.server.user.name">guest</parameter>
        <parameter name="rabbitmq.server.password">guest</parameter>
        <parameter name="rabbitmq.queue.name">SalesOrderQueue</parameter>
        <parameter name="rabbitmq.exchange.name">exchange</parameter>
        <parameter name="rabbitmq.message.content.type">application/xml</parameter>
    </parameters>
</inboundEndpoint>
