<?xml version="1.0" encoding="UTF-8"?>
<task class="org.apache.synapse.startup.tasks.MessageInjector" group="synapse.simple.quartz" name="PersonRecordRetrieveTask" xmlns="http://ws.apache.org/ns/synapse">
    <trigger count="5" interval="30"/>
    <property name="message" xmlns:task="http://www.wso2.org/products/wso2commons/tasks">
        <tem:FindPerson xmlns:tem="http://tempuri.org">
            <tem:id>1</tem:id>
        </tem:FindPerson>
    </property>
    <property name="format" value="text/xml" xmlns:task="http://www.wso2.org/products/wso2commons/tasks"/>
    <property name="soapAction" value="http://tempuri.org/SOAP.Demo.FindPerson" xmlns:task="http://www.wso2.org/products/wso2commons/tasks"/>
    <property name="injectTo" value="sequence" xmlns:task="http://www.wso2.org/products/wso2commons/tasks"/>
    <property name="sequenceName" value="PersonRecordSeq" xmlns:task="http://www.wso2.org/products/wso2commons/tasks"/>
</task>
