<?xml version="1.0" encoding="UTF-8"?>
<wizard>
 <projectOptions title="Artifact Creation Wizard "
 				 description="Select how you would like to create your new artifact"
 				 error="Please select a method to create the project">
 	<option id="new.artifact" default="true">Create New Artifact</option>
 	<option id="import.artifact">Import From Workspace</option>
 </projectOptions>
 <projectOptionSettings>
 	<settings optionId="new.artifact"
 			  		title="Artifact"
 			  		description="Create a new Artifact"
 			  		error="Please give a name to create the Artifact">
 		<data modelProperty="project.name"
 					type="string" 
 					fieldController="org.wso2.developerstudio.eclipse.artifact.validators.ArtifactFieldsController">Project Name   </data>
 		<data modelProperty="artifactClass.package.name" 
 					type="string" 
 					fieldController="org.wso2.developerstudio.eclipse.artifact.validators.ArtifactFieldsController" group="testid">Package Name</data>
 		<data modelProperty="artifactClass.name" 
 					type="string" 
 					fieldController="org.wso2.developerstudio.eclipse.artifact.validators.ArtifactFieldsController" group="testid">Class Name</data>	 
 		<group id="testid"></group>
 		
 		<projectNatures>
			<nature>org.eclipse.jdt.core.javanature</nature>
		</projectNatures>
		
 	</settings>
 	 	<settings optionId="import.artifact"
 			 				title="Artifact"
 			  			description="Create an Artifact using a existing artifact file"
 			  			error="Please select the project">	  
 	 		<data modelProperty="import.project.list" type="list" 
 					fieldController="org.wso2.developerstudio.eclipse.artifact.validators.ArtifactFieldsController"
 					controlData="select=single;class=org.wso2.developerstudio.eclipse.artifact.utils.ProjectData">Artifact Project</data>
 		<projectNatures>
			<nature>org.eclipse.jdt.core.javanature</nature>
		</projectNatures>
		
 	</settings>
 </projectOptionSettings>
</wizard>
