<?xml version="1.0" encoding="UTF-8"?>
<api context="/phones" name="PhoneVerifyAPI" xmlns="http://ws.apache.org/ns/synapse">
    <resource methods="GET" uri-template="/validate/{phoneNumber}">
        <inSequence>
            <property name="REST_URL_POSTFIX" scope="axis2" action="remove"/>
            <property description="Read the phone number in the resource URL" expression="get-property('uri.var.phoneNumber')" name="phoneNumber" scope="default" type="STRING"/>
            <log description="Log the phone number" level="custom">
                <property expression="$ctx:phoneNumber" name="PhoneNumber"/>
            </log>
            <filter description="Check phone number has 10 digits" xpath="fn:string-length($ctx:phoneNumber) = 10">
                <then>
                    <call description="Send request to endpoint">
                        <endpoint key="PhoneVerifyEP"/>
                    </call>
                </then>
                <else>
                    <payloadFactory description="Create response payload for invalid phone numbers" media-type="xml">
                        <format>
                            <Message xmlns="">Invalid Phone Number</Message>
                        </format>
                        <args/>
                    </payloadFactory>
                </else>
            </filter>
            <respond description="Send response back to the client"/>
        </inSequence>
        <outSequence/>
        <faultSequence/>
    </resource>
</api>
