<?xml version="1.0" encoding="UTF-8"?>
<proxy xmlns="http://ws.apache.org/ns/synapse"
    name="ProductService" statistics="disable" trace="disable" transports="https http">
    <target>
        <inSequence>
            <log category="INFO" level="custom" separator=",">
                <property name="MESSAGE" value="Sending Request to Product Service...."/>
            </log>
            <send>
                <endpoint key="ProductServiceEP"/>
            </send>
        </inSequence>
        <outSequence>
            <log category="INFO" level="custom" separator=",">
                <property name="MESSAGE" value="Sending the Response back to the client from Product Service....."/>
            </log>
            <send/>
        </outSequence>
        <faultSequence>
            <makefault version="soap12">
                <code value="soap12Env:Receiver" xmlns:soap12Env="http://www.w3.org/2003/05/soap-envelope"/>
                <reason expression="get-property('ERROR_MESSAGE')"/>
                <role/>
                <node/>
                <detail/>
            </makefault>
            <header action="remove" name="To"/>
            <send/>
        </faultSequence>
    </target>
    <publishWSDL>
        <wsdl:definitions
            targetNamespace="http://ws.wso2.org/dataservice"
            xmlns:ax210="http://shoppingcart.acme.com/reorder"
            xmlns:ax24="http://shoppingcart.acme.com/customer/order"
            xmlns:ax25="http://shoppingcart.acme.com/product"
            xmlns:ax26="http://shoppingcart.acme.com/order"
            xmlns:ax27="http://shoppingcart.acme.com/payment"
            xmlns:ax28="http://shoppingcart.acme.com/customer"
            xmlns:http="http://schemas.xmlsoap.org/wsdl/http/"
            xmlns:mime="http://schemas.xmlsoap.org/wsdl/mime/"
            xmlns:ns="http://ws.wso2.org/dataservice"
            xmlns:ns1="com.acme.shoppingcart"
            xmlns:soap="http://schemas.xmlsoap.org/wsdl/soap/"
            xmlns:soap12="http://schemas.xmlsoap.org/wsdl/soap12/"
            xmlns:wsaw="http://www.w3.org/2006/05/addressing/wsdl"
            xmlns:wsdl="http://schemas.xmlsoap.org/wsdl/" xmlns:xs="http://www.w3.org/2001/XMLSchema">
            <wsdl:documentation/>
            <wsdl:types>
                <xs:schema attributeFormDefault="unqualified"
                    elementFormDefault="qualified" targetNamespace="http://ws.wso2.org/dataservice">
                    <xs:element name="DataServiceFault" type="xs:string"/>
                </xs:schema>
                <xs:schema attributeFormDefault="unqualified"
                    elementFormDefault="qualified" targetNamespace="http://shoppingcart.acme.com/product">
                    <xs:complexType name="Categories">
                        <xs:sequence>
                            <xs:element maxOccurs="unbounded"
                                minOccurs="0" name="Category"
                                nillable="true" type="ax25:Category"/>
                        </xs:sequence>
                    </xs:complexType>
                    <xs:element name="Categories" type="ax25:Categories"/>
                    <xs:complexType name="Category">
                        <xs:sequence>
                            <xs:element name="categoryName"
                                nillable="true" type="xs:string"/>
                            <xs:element name="description"
                                nillable="true" type="xs:string"/>
                            <xs:element name="image" nillable="true" type="xs:base64Binary"/>
                        </xs:sequence>
                    </xs:complexType>
                    <xs:complexType name="Products">
                        <xs:sequence>
                            <xs:element maxOccurs="unbounded"
                                minOccurs="0" name="Product"
                                nillable="true" type="ax25:Product"/>
                        </xs:sequence>
                    </xs:complexType>
                    <xs:element name="Products" type="ax25:Products"/>
                    <xs:complexType name="Product">
                        <xs:sequence>
                            <xs:element name="productCode"
                                nillable="true" type="xs:string"/>
                            <xs:element name="productName"
                                nillable="true" type="xs:string"/>
                            <xs:element name="categoryName"
                                nillable="true" type="xs:string"/>
                            <xs:element name="productVendor"
                                nillable="true" type="xs:string"/>
                            <xs:element name="productDescription"
                                nillable="true" type="xs:string"/>
                            <xs:element name="quantityInStock"
                                nillable="true" type="xs:integer"/>
                            <xs:element name="price" nillable="true" type="xs:double"/>
                            <xs:element name="reorderLevel"
                                nillable="true" type="xs:integer"/>
                            <xs:element name="reorderQuantity"
                                nillable="true" type="xs:integer"/>
                            <xs:element name="image" nillable="true" type="xs:base64Binary"/>
                        </xs:sequence>
                    </xs:complexType>
                    <xs:element name="getProductByCode">
                        <xs:complexType>
                            <xs:sequence>
                                <xs:element minOccurs="0"
                                    name="productCode" nillable="true" type="xs:string"/>
                            </xs:sequence>
                        </xs:complexType>
                    </xs:element>
                    <xs:element name="getProductsOfCategory">
                        <xs:complexType>
                            <xs:sequence>
                                <xs:element minOccurs="0"
                                    name="categoryName" nillable="true" type="xs:string"/>
                            </xs:sequence>
                        </xs:complexType>
                    </xs:element>
                </xs:schema>
            </wsdl:types>
            <wsdl:message name="getProductByCodeRequest">
                <wsdl:part element="ax25:getProductByCode" name="parameters"/>
            </wsdl:message>
            <wsdl:message name="getProductByCodeResponse">
                <wsdl:part element="ax25:Products" name="parameters"/>
            </wsdl:message>
            <wsdl:message name="DataServiceFault">
                <wsdl:part element="ns:DataServiceFault" name="parameters"/>
            </wsdl:message>
            <wsdl:message name="getProductsOfCategoryRequest">
                <wsdl:part element="ax25:getProductsOfCategory" name="parameters"/>
            </wsdl:message>
            <wsdl:message name="getProductsOfCategoryResponse">
                <wsdl:part element="ax25:Products" name="parameters"/>
            </wsdl:message>
            <wsdl:message name="getAllCategoriesRequest"/>
            <wsdl:message name="getAllCategoriesResponse">
                <wsdl:part element="ax25:Categories" name="parameters"/>
            </wsdl:message>
            <wsdl:portType name="ShoppingCartDSPortType">
                <wsdl:operation name="getProductByCode">
                    <wsdl:documentation/>
                    <wsdl:input message="ns:getProductByCodeRequest" wsaw:Action="urn:getProductByCode"/>
                    <wsdl:output message="ns:getProductByCodeResponse" wsaw:Action="urn:getProductByCodeResponse"/>
                    <wsdl:fault message="ns:DataServiceFault"
                        name="DataServiceFault" wsaw:Action="urn:getProductByCodeDataServiceFault"/>
                </wsdl:operation>
                <wsdl:operation name="getProductsOfCategory">
                    <wsdl:documentation/>
                    <wsdl:input
                        message="ns:getProductsOfCategoryRequest" wsaw:Action="urn:getProductsOfCategory"/>
                    <wsdl:output
                        message="ns:getProductsOfCategoryResponse" wsaw:Action="urn:getProductsOfCategoryResponse"/>
                    <wsdl:fault message="ns:DataServiceFault"
                        name="DataServiceFault" wsaw:Action="urn:getProductsOfCategoryDataServiceFault"/>
                </wsdl:operation>
                <wsdl:operation name="getAllCategories">
                    <wsdl:documentation/>
                    <wsdl:input message="ns:getAllCategoriesRequest" wsaw:Action="urn:getAllCategories"/>
                    <wsdl:output message="ns:getAllCategoriesResponse" wsaw:Action="urn:getAllCategoriesResponse"/>
                    <wsdl:fault message="ns:DataServiceFault"
                        name="DataServiceFault" wsaw:Action="urn:getAllCategoriesDataServiceFault"/>
                </wsdl:operation>
            </wsdl:portType>
            <wsdl:binding name="ShoppingCartDSSOAP11Binding" type="ns:ShoppingCartDSPortType">
                <soap:binding style="document" transport="http://schemas.xmlsoap.org/soap/http"/>
                <wsdl:operation name="getProductByCode">
                    <soap:operation soapAction="urn:getProductByCode" style="document"/>
                    <wsdl:input>
                        <soap:body use="literal"/>
                    </wsdl:input>
                    <wsdl:output>
                        <soap:body use="literal"/>
                    </wsdl:output>
                    <wsdl:fault name="DataServiceFault">
                        <soap:fault name="DataServiceFault" use="literal"/>
                    </wsdl:fault>
                </wsdl:operation>
                <wsdl:operation name="getProductsOfCategory">
                    <soap:operation
                        soapAction="urn:getProductsOfCategory" style="document"/>
                    <wsdl:input>
                        <soap:body use="literal"/>
                    </wsdl:input>
                    <wsdl:output>
                        <soap:body use="literal"/>
                    </wsdl:output>
                    <wsdl:fault name="DataServiceFault">
                        <soap:fault name="DataServiceFault" use="literal"/>
                    </wsdl:fault>
                </wsdl:operation>
                <wsdl:operation name="getAllCategories">
                    <soap:operation soapAction="urn:getAllCategories" style="document"/>
                    <wsdl:input>
                        <soap:body use="literal"/>
                    </wsdl:input>
                    <wsdl:output>
                        <soap:body use="literal"/>
                    </wsdl:output>
                    <wsdl:fault name="DataServiceFault">
                        <soap:fault name="DataServiceFault" use="literal"/>
                    </wsdl:fault>
                </wsdl:operation>
            </wsdl:binding>
            <wsdl:binding name="ShoppingCartDSSOAP12Binding" type="ns:ShoppingCartDSPortType">
                <soap12:binding style="document" transport="http://schemas.xmlsoap.org/soap/http"/>
                <wsdl:operation name="getProductByCode">
                    <soap12:operation soapAction="urn:getProductByCode" style="document"/>
                    <wsdl:input>
                        <soap12:body use="literal"/>
                    </wsdl:input>
                    <wsdl:output>
                        <soap12:body use="literal"/>
                    </wsdl:output>
                    <wsdl:fault name="DataServiceFault">
                        <soap12:fault name="DataServiceFault" use="literal"/>
                    </wsdl:fault>
                </wsdl:operation>
                <wsdl:operation name="getProductsOfCategory">
                    <soap12:operation
                        soapAction="urn:getProductsOfCategory" style="document"/>
                    <wsdl:input>
                        <soap12:body use="literal"/>
                    </wsdl:input>
                    <wsdl:output>
                        <soap12:body use="literal"/>
                    </wsdl:output>
                    <wsdl:fault name="DataServiceFault">
                        <soap12:fault name="DataServiceFault" use="literal"/>
                    </wsdl:fault>
                </wsdl:operation>
                <wsdl:operation name="getAllCategories">
                    <soap12:operation soapAction="urn:getAllCategories" style="document"/>
                    <wsdl:input>
                        <soap12:body use="literal"/>
                    </wsdl:input>
                    <wsdl:output>
                        <soap12:body use="literal"/>
                    </wsdl:output>
                    <wsdl:fault name="DataServiceFault">
                        <soap12:fault name="DataServiceFault" use="literal"/>
                    </wsdl:fault>
                </wsdl:operation>
            </wsdl:binding>
            <wsdl:binding name="ShoppingCartDSHttpBinding" type="ns:ShoppingCartDSPortType">
                <http:binding verb="POST"/>
                <wsdl:operation name="getProductByCode">
                    <http:operation location="getProductByCode"/>
                    <wsdl:input>
                        <mime:content part="parameters" type="text/xml"/>
                    </wsdl:input>
                    <wsdl:output>
                        <mime:content part="parameters" type="text/xml"/>
                    </wsdl:output>
                </wsdl:operation>
                <wsdl:operation name="getProductsOfCategory">
                    <http:operation location="getProductsOfCategory"/>
                    <wsdl:input>
                        <mime:content part="parameters" type="text/xml"/>
                    </wsdl:input>
                    <wsdl:output>
                        <mime:content part="parameters" type="text/xml"/>
                    </wsdl:output>
                </wsdl:operation>
                <wsdl:operation name="getAllCategories">
                    <http:operation location="getAllCategories"/>
                    <wsdl:input>
                        <mime:content part="parameters" type="text/xml"/>
                    </wsdl:input>
                    <wsdl:output>
                        <mime:content part="parameters" type="text/xml"/>
                    </wsdl:output>
                </wsdl:operation>
            </wsdl:binding>
            <wsdl:service name="ProductService">
                <wsdl:port binding="ns:ShoppingCartDSSOAP11Binding" name="SOAP11Endpoint">
                    <soap:address location="http://localhost:9763/services/ProductService.SOAP11Endpoint/"/>
                </wsdl:port>
                <wsdl:port binding="ns:ShoppingCartDSSOAP11Binding" name="SecureSOAP11Endpoint">
                    <soap:address location="https://localhost:9443/services/ProductService.SecureSOAP11Endpoint/"/>
                </wsdl:port>
                <wsdl:port binding="ns:ShoppingCartDSSOAP12Binding" name="SecureSOAP12Endpoint">
                    <soap12:address location="https://localhost:9443/services/ProductService.SecureSOAP12Endpoint/"/>
                </wsdl:port>
                <wsdl:port binding="ns:ShoppingCartDSSOAP12Binding" name="SOAP12Endpoint">
                    <soap12:address location="http://localhost:9763/services/ProductService.SOAP12Endpoint/"/>
                </wsdl:port>
                <wsdl:port binding="ns:ShoppingCartDSHttpBinding" name="HTTPEndpoint">
                    <http:address location="http://localhost:9763/services/ProductService.HTTPEndpoint/"/>
                </wsdl:port>
                <wsdl:port binding="ns:ShoppingCartDSHttpBinding" name="SecureHTTPEndpoint">
                    <http:address location="https://localhost:9443/services/ProductService.SecureHTTPEndpoint/"/>
                </wsdl:port>
            </wsdl:service>
        </wsdl:definitions>
    </publishWSDL>
    <parameter name="wsDiscoveryParams">
        <Scopes xmlns="http://ws.apache.org/ns/synapse">http://shopping-cart.samples.stratos.wso2.org/service/products/proxy</Scopes>
    </parameter>
</proxy>
