<?xml version="1.0" encoding="UTF-8"?><artifacts>
    <artifact name="CityLookupEP" groupId="wso2.sampleRestToSoapTemplate.endpoint" version="1.0.0" type="synapse/endpoint" serverRole="EnterpriseServiceBus">
        <file>src/main/synapse-config/endpoints/CityLookupEP.xml</file>
    </artifact>
    <artifact name="CityInformationAPI" groupId="wso2.sampleRestToSoapTemplate.api" version="1.0.0" type="synapse/api" serverRole="EnterpriseServiceBus">
        <file>src/main/synapse-config/api/CityInformationAPI.xml</file>
    </artifact>
    <artifact name="CityInformationAPI_swagger" groupId="wso2.sampleRestToSoapTemplate.metadata" version="1.0.0" type="synapse/metadata" serverRole="EnterpriseServiceBus">
        <file>src/main/resources/metadata/CityInformationAPI_swagger.yaml</file>
    </artifact>
    <artifact name="CityInformationAPI_metadata" groupId="wso2.sampleRestToSoapTemplate.metadata" version="1.0.0" type="synapse/metadata" serverRole="EnterpriseServiceBus">
        <file>src/main/resources/metadata/CityInformationAPI_metadata.yaml</file>
    </artifact>
</artifacts>
