<?xml version="1.0" encoding="UTF-8"?>
<artifacts>
  <artifact name="SalesforceLeadsMappingConfig_outputSchema" groupId="wso2.sampleJsonToXmlMappingTemplate" version="1.0.0-SNAPSHOT" type="registry/resource" serverRole="EnterpriseIntegrator">
    <item>
      <file>SalesforceLeadsMappingConfig_outputSchema.json</file>
      <path>/_system/governance/datamapper/SalesforceLeadsMappingConfig</path>
      <mediaType>text/plain</mediaType>
      <properties></properties>
    </item>
  </artifact>
  <artifact name="SalesforceLeadsMappingConfig_inputSchema" groupId="wso2.sampleJsonToXmlMappingTemplate" version="1.0.0-SNAPSHOT" type="registry/resource" serverRole="EnterpriseIntegrator">
    <item>
      <file>SalesforceLeadsMappingConfig_inputSchema.json</file>
      <path>/_system/governance/datamapper/SalesforceLeadsMappingConfig</path>
      <mediaType>text/plain</mediaType>
      <properties></properties>
    </item>
  </artifact>
  <artifact name="SalesforceLeadsMappingConfig" groupId="wso2.sampleJsonToXmlMappingTemplate" version="1.0.0-SNAPSHOT" type="registry/resource" serverRole="EnterpriseIntegrator">
    <item>
      <file>SalesforceLeadsMappingConfig.dmc</file>
      <path>/_system/governance/datamapper/SalesforceLeadsMappingConfig</path>
      <mediaType>text/plain</mediaType>
      <properties></properties>
    </item>
  </artifact>
</artifacts>
