<?xml version="1.0" encoding="UTF-8"?><artifacts>
    <artifact name="WeatherDataErrorSeq" groupId="wso2.sampleKafkaTemplate.sequence" version="1.0.0" type="synapse/sequence" serverRole="EnterpriseServiceBus">
        <file>src/main/synapse-config/sequences/WeatherDataErrorSeq.xml</file>
    </artifact>
    <artifact name="WeatherDataProcessSeq" groupId="wso2.sampleKafkaTemplate.sequence" version="1.0.0" type="synapse/sequence" serverRole="EnterpriseServiceBus">
        <file>src/main/synapse-config/sequences/WeatherDataProcessSeq.xml</file>
    </artifact>
    <artifact name="WeatherDataTransmitInboundEP" groupId="wso2.sampleKafkaTemplate.inbound-endpoint" version="1.0.0" type="synapse/inbound-endpoint" serverRole="EnterpriseServiceBus">
        <file>src/main/synapse-config/inbound-endpoints/WeatherDataTransmitInboundEP.xml</file>
    </artifact>
    <artifact name="WeatherDataPublishService" groupId="wso2.sampleKafkaTemplate.proxy-service" version="1.0.0" type="synapse/proxy-service" serverRole="EnterpriseServiceBus">
        <file>src/main/synapse-config/proxy-services/WeatherDataPublishService.xml</file>
    </artifact>
    <artifact name="WeatherDataPublishService_proxy_metadata" groupId="wso2.sampleKafkaTemplate.metadata" version="1.0.0" type="synapse/metadata" serverRole="EnterpriseServiceBus">
        <file>src/main/resources/metadata/WeatherDataPublishService_proxy_metadata.yaml</file>
    </artifact>
    <artifact name="WeatherDataPublishAPI" groupId="wso2.sampleKafkaTemplate.api" version="1.0.0" type="synapse/api" serverRole="EnterpriseServiceBus">
        <file>src/main/synapse-config/api/WeatherDataPublishAPI.xml</file>
    </artifact>
    <artifact name="WeatherDataPublishAPI_swagger" groupId="wso2.sampleKafkaTemplate.metadata" version="1.0.0" type="synapse/metadata" serverRole="EnterpriseServiceBus">
        <file>src/main/resources/metadata/WeatherDataPublishAPI_swagger.yaml</file>
    </artifact>
    <artifact name="WeatherDataPublishAPI_metadata" groupId="wso2.sampleKafkaTemplate.metadata" version="1.0.0" type="synapse/metadata" serverRole="EnterpriseServiceBus">
        <file>src/main/resources/metadata/WeatherDataPublishAPI_metadata.yaml</file>
    </artifact>
</artifacts>
