<?xml version="1.0" encoding="UTF-8"?>
<artifacts>
  <artifact name="EmployeeToEngineerMappingConfig" groupId="wso2.sampleXmlToJsonMappingTemplate" version="1.0.0-SNAPSHOT" type="registry/resource" serverRole="EnterpriseIntegrator">
    <item>
      <file>EmployeeToEngineerMappingConfig.dmc</file>
      <path>/_system/governance/datamapper/EmployeeToEngineerMappingConfig</path>
      <mediaType>text/plain</mediaType>
      <properties></properties>
    </item>
  </artifact>
  <artifact name="EmployeeToEngineerMappingConfig_inputSchema" groupId="wso2.sampleXmlToJsonMappingTemplate" version="1.0.0-SNAPSHOT" type="registry/resource" serverRole="EnterpriseIntegrator">
    <item>
      <file>EmployeeToEngineerMappingConfig_inputSchema.json</file>
      <path>/_system/governance/datamapper/EmployeeToEngineerMappingConfig</path>
      <mediaType>text/plain</mediaType>
      <properties></properties>
    </item>
  </artifact>
  <artifact name="EmployeeToEngineerMappingConfig_outputSchema" groupId="wso2.sampleXmlToJsonMappingTemplate" version="1.0.0-SNAPSHOT" type="registry/resource" serverRole="EnterpriseIntegrator">
    <item>
      <file>EmployeeToEngineerMappingConfig_outputSchema.json</file>
      <path>/_system/governance/datamapper/EmployeeToEngineerMappingConfig</path>
      <mediaType>text/plain</mediaType>
      <properties/>
    </item>
  </artifact>
</artifacts>
