<?xml version="1.0" encoding="UTF-8"?>
<endpoint name="PhoneVerifyEP" xmlns="http://ws.apache.org/ns/synapse">
    <http uri-template="http://ws.cdyne.com/phoneverify/phoneverify.asmx/CheckPhoneNumber?PhoneNumber={uri.var.phoneNumber}&amp;LicenseKey=0">
        <suspendOnFailure>
            <initialDuration>-1</initialDuration>
            <progressionFactor>1</progressionFactor>
        </suspendOnFailure>
        <markForSuspension>
            <retriesBeforeSuspension>0</retriesBeforeSuspension>
        </markForSuspension>
    </http>
</endpoint>
