<?xml version="1.0" encoding="UTF-8"?><artifacts>
    <artifact name="PersonRecordSeq" groupId="wso2.sampleScheduleTaskTeamplate.sequence" version="1.0.0" type="synapse/sequence" serverRole="EnterpriseServiceBus">
        <file>src/main/synapse-config/sequences/PersonRecordSeq.xml</file>
    </artifact>
    <artifact name="PersonRecordEP" groupId="wso2.sampleScheduleTaskTeamplate.endpoint" version="1.0.0" type="synapse/endpoint" serverRole="EnterpriseServiceBus">
        <file>src/main/synapse-config/endpoints/PersonRecordEP.xml</file>
    </artifact>
    <artifact name="PersonRecordRetrieveTask" groupId="wso2.sampleScheduleTaskTeamplate.task" version="1.0.0" type="synapse/task" serverRole="EnterpriseServiceBus">
        <file>src/main/synapse-config/tasks/PersonRecordRetrieveTask.xml</file>
    </artifact>
</artifacts>
