<?xml version="1.0" encoding="UTF-8"?>
<api context="/missionservice" name="MissionServiceAPI" xmlns="http://ws.apache.org/ns/synapse">
    <resource methods="POST">
        <inSequence>
            <header description="Set SOAPAction header" name="  " scope="transport" value="http://tempuri.org/SOAP.Demo.Mission"/>
            <clone description="Clone request payload to three different endpoints" id="ScatterGatherProxy">
                <target>
                    <endpoint key="MissionEP1"/>
                </target>
                <target>
                    <endpoint key="MissionEP2"/>
                </target>
                <target>
                    <endpoint key="MissionEP3"/>
                </target>
            </clone>
        </inSequence>
        <outSequence>
            <aggregate description="Aggregate responses and send back to client" id="ScatterGatherProxy">
                <completeCondition>
                    <messageCount max="-1" min="-1"/>
                </completeCondition>
                <onComplete aggregateElementType="root" expression="//*[local-name() = 'MissionResult']">
                    <send/>
                </onComplete>
            </aggregate>
        </outSequence>
        <faultSequence/>
    </resource>
</api>