<?xml version="1.0" encoding="UTF-8"?><artifacts>
    <artifact name="OrderPaymentQueueEP" groupId="wso2.sampleJMSProxyTemplate.endpoint" version="1.0.0" type="synapse/endpoint" serverRole="EnterpriseServiceBus">
        <file>src/main/synapse-config/endpoints/OrderPaymentQueueEP.xml</file>
    </artifact>
    <artifact name="OrderPaymentQueueErrorSeq" groupId="wso2.sampleJMSProxyTemplate.sequence" version="1.0.0" type="synapse/sequence" serverRole="EnterpriseServiceBus">
        <file>src/main/synapse-config/sequences/OrderPaymentQueueErrorSeq.xml</file>
    </artifact>
    <artifact name="OrderPaymentQueueProcessSeq" groupId="wso2.sampleJMSProxyTemplate.sequence" version="1.0.0" type="synapse/sequence" serverRole="EnterpriseServiceBus">
        <file>src/main/synapse-config/sequences/OrderPaymentQueueProcessSeq.xml</file>
    </artifact>
    <artifact name="OrderPaymentQueueInboundEP" groupId="wso2.sampleJMSProxyTemplate.inbound-endpoint" version="1.0.0" type="synapse/inbound-endpoint" serverRole="EnterpriseServiceBus">
        <file>src/main/synapse-config/inbound-endpoints/OrderPaymentQueueInboundEP.xml</file>
    </artifact>
    <artifact name="OrderPaymentServiceAPI" groupId="wso2.sampleJMSProxyTemplate.api" version="1.0.0" type="synapse/api" serverRole="EnterpriseServiceBus">
        <file>src/main/synapse-config/api/OrderPaymentServiceAPI.xml</file>
    </artifact>
    <artifact name="OrderPaymentServiceAPI_swagger" groupId="wso2.sampleJMSProxyTemplate.metadata" version="1.0.0" type="synapse/metadata" serverRole="EnterpriseServiceBus">
        <file>src/main/resources/metadata/OrderPaymentServiceAPI_swagger.yaml</file>
    </artifact>
    <artifact name="OrderPaymentServiceAPI_metadata" groupId="wso2.sampleJMSProxyTemplate.metadata" version="1.0.0" type="synapse/metadata" serverRole="EnterpriseServiceBus">
        <file>src/main/resources/metadata/OrderPaymentServiceAPI_metadata.yaml</file>
    </artifact>
</artifacts>
