<?xml version="1.0" encoding="UTF-8"?>
<localEntry key="SalesforceConnection1" xmlns="http://ws.apache.org/ns/synapse">
    <salesforcerest.init>
        <connectionType>init</connectionType>
        <name>SalesforceConnection1</name>
        <accessToken></accessToken>
        <apiVersion>v44.0</apiVersion>
        <hostName>https://login.salesforce.com</hostName>
        <refreshToken></refreshToken>
        <clientSecret></clientSecret>
        <clientId></clientId>
        <apiUrl></apiUrl>
        <timeout>3000</timeout>
        <username></username>
        <password></password>
    </salesforcerest.init>
</localEntry>