<?xml version="1.0" encoding="UTF-8"?>
<endpoint name="CityLookupEP" xmlns="http://ws.apache.org/ns/synapse">
    <address format="soap11" uri="http://www.crcind.com/csp/samples/SOAP.Demo.cls">
        <suspendOnFailure>
            <initialDuration>-1</initialDuration>
            <progressionFactor>1</progressionFactor>
        </suspendOnFailure>
        <markForSuspension>
            <retriesBeforeSuspension>0</retriesBeforeSuspension>
        </markForSuspension>
    </address>
</endpoint>
