{
  "name": "Feed",
  "type": "inbuilt-inbound-endpoint",
  "title": "Feed Inbound Endpoint",
  "id": "feed",
  "elements": [
    {
      "type": "attributeGroup",
      "value": {
        "groupName": "Generic",
        "elements": [
          {
            "type": "attribute",
            "value": {
              "name": "name",
              "displayName": "Inbound Endpoint Name",
              "inputType": "string",
              "required": "true"
            }
          },
          {
            "type": "attribute",
            "value": {
              "name": "sequence",
              "displayName": "Injecting Sequence Name",
              "inputType": "string",
              "required": "true"
            }
          },
          {
            "type": "attribute",
            "value": {
              "name": "onError",
              "displayName": "Error Sequence Name",
              "inputType": "string",
              "required": "true"
            }
          },
          {
            "type": "attribute",
            "value": {
              "name": "suspend",
              "displayName": "Suspend Inbound",
              "inputType": "checkbox",
              "defaultValue": false,
              "hidden": "true",
              "required": "false"
            }
          },
          {
            "type": "attribute",
            "value": {
              "name": "protocol",
              "displayName": "Protocol",
              "inputType": "string",
              "defaultValue": "feed",
              "hidden": "true",
              "required": "true"
            }
          }
        ]
      }
    },
    {
      "type": "attributeGroup",
      "value": {
        "groupName": "Basic",
        "elements": [
          {
            "type": "attribute",
            "value": {
              "name": "interval",
              "displayName": "Interval",
              "inputType": "string",
              "defaultValue": "1000",
              "required": "true"
            }
          },
          {
            "type": "attribute",
            "value": {
              "name": "feed.url",
              "displayName": "URL",
              "inputType": "string",
              "defaultValue": "",
              "required": "false"
            }
          },
          {
            "type": "attribute",
            "value": {
              "name": "feed.type",
              "displayName": "Type",
              "inputType": "combo",
              "comboValues": [
                "RSS",
                "Atom"
              ],
              "defaultValue": "",
              "required": "false"
            }
          }
        ]
      }
    }
  ]
}
