<?xml version="1.0" encoding="UTF-8"?><artifacts>
    <artifact name="EmployeeToEngineerMappingConfig" groupId="wso2.sampleXmlToJsonMappingTemplate.resource" version="1.0.0" type="registry/resource" serverRole="EnterpriseServiceBus">
        <item>
            <file>EmployeeToEngineerMappingConfig.dmc</file>
            <path>/_system/governance/datamapper</path>
            <mediaType>text/plain</mediaType>
            <properties/>
        </item>
    </artifact>
    <artifact name="EmployeeToEngineerMappingConfig_inputSchema" groupId="wso2.sampleXmlToJsonMappingTemplate.resource" version="1.0.0" type="registry/resource" serverRole="EnterpriseServiceBus">
        <item>
            <file>EmployeeToEngineerMappingConfig_inputSchema.json</file>
            <path>/_system/governance/datamapper</path>
            <mediaType>text/plain</mediaType>
            <properties/>
        </item>
    </artifact>
    <artifact name="EmployeeToEngineerMappingConfig_outputSchema" groupId="wso2.sampleXmlToJsonMappingTemplate.resource" version="1.0.0" type="registry/resource" serverRole="EnterpriseServiceBus">
        <item>
            <file>EmployeeToEngineerMappingConfig_outputSchema.json</file>
            <path>/_system/governance/datamapper</path>
            <mediaType>text/plain</mediaType>
            <properties/>
        </item>
    </artifact>
    <artifact name="EmployeeToEngineerMappingConfig_xsltStyleSheet" groupId="wso2.sampleXmlToJsonMappingTemplate.resource" version="1.0.0" type="registry/resource" serverRole="EnterpriseServiceBus">
        <item>
            <file>EmployeeToEngineerMappingConfig_xsltStyleSheet.xml</file>
            <path>/_system/governance/datamapper</path>
            <mediaType>text/plain</mediaType>
            <properties/>
        </item>
    </artifact>
</artifacts>
