{
  "$schema" : "http://wso2.org/json-schema/wso2-data-mapper-v5.0.0/schema#",
  "inputType" : "XML",
  "id" : "http://wso2jsonschema.org",
  "title" : "ns1:employees",
  "type" : "object",
  "properties" : {
    "ns1:employee" : {
      "id" : "http://wso2jsonschema.org/ns1:employee",
      "type" : "array",
      "items" : [ {
        "id" : "http://wso2jsonschema.org/ns1:employee/0",
        "type" : "object",
        "properties" : {
          "ns1:firstname" : {
            "id" : "http://wso2jsonschema.org/ns1:employee/0/ns1:firstname",
            "type" : "string"
          },
          "ns1:lastname" : {
            "id" : "http://wso2jsonschema.org/ns1:employee/0/ns1:lastname",
            "type" : "string"
          },
          "ns2:addresses" : {
            "id" : "http://wso2jsonschema.org/ns1:employee/0/ns2:addresses",
            "type" : "object",
            "properties" : {
              "ns2:address" : {
                "id" : "http://wso2jsonschema.org/ns1:employee/0/ns2:addresses/ns2:address",
                "type" : "array",
                "items" : [ {
                  "id" : "http://wso2jsonschema.org/ns1:employee/0/ns2:addresses/ns2:address/0",
                  "type" : "object",
                  "properties" : {
                    "ns2:city" : {
                      "id" : "http://wso2jsonschema.org/ns1:employee/0/ns2:addresses/ns2:address/0/ns2:city",
                      "type" : "object",
                      "value" : {
                        "type" : "string"
                      },
                      "properties" : { },
                      "attributes" : {
                        "postalcode" : {
                          "id" : "http://wso2jsonschema.org/ns1:employee/0/ns2:addresses/ns2:address/0/postalcode",
                          "type" : "number"
                        }
                      }
                    },
                    "ns2:road" : {
                      "id" : "http://wso2jsonschema.org/ns1:employee/0/ns2:addresses/ns2:address/0/ns2:road",
                      "type" : "string"
                    }
                  },
                  "attributes" : {
                    "location" : {
                      "id" : "http://wso2jsonschema.org/ns1:employee/0/ns2:addresses/ns2:address/0/location",
                      "type" : "string"
                    }
                  }
                } ]
              }
            }
          }
        }
      } ]
    }
  },
  "namespaces" : [ {
    "prefix" : "ns1",
    "url" : "http://wso2.employee.info"
  }, {
    "prefix" : "ns2",
    "url" : "http://wso2.employee.address"
  } ]
}