<?xml version="1.0" encoding="UTF-8"?>
<api context="/missionservice" name="MissionServiceAPI" xmlns="http://ws.apache.org/ns/synapse">
    <resource methods="POST">
        <inSequence>
            <header description="Set SOAPAction header" name="SOAPAction" scope="transport" value="http://tempuri.org/SOAP.Demo.Mission"/>
            <clone description="Clone request payload to three different endpoints" id="ScatterGatherProxy">
                <target>
                    <sequence>
                        <call>
                            <endpoint key="MissionEP1"/>
                        </call>
                    </sequence>
                </target>
                <target>
                    <sequence>
                        <call>
                            <endpoint key="MissionEP2"/>
                        </call>
                    </sequence>
                </target>
                <target>
                    <sequence>
                        <call>
                            <endpoint key="MissionEP3"/>
                        </call>
                    </sequence>
                </target>
            </clone>
            <aggregate description="Aggregate responses and send back to client" id="ScatterGatherProxy">
                <completeCondition>
                    <messageCount max="-1" min="-1"/>
                </completeCondition>
                <onComplete aggregateElementType="root" expression="//*[local-name() = 'MissionResult']">
                    <respond/>
                </onComplete>
            </aggregate>
        </inSequence>
        <outSequence>
        </outSequence>
        <faultSequence/>
    </resource>
</api>
