<?xml version="1.0" encoding="UTF-8"?>
<endpoint name="SalesOrderQueueEP" xmlns="http://ws.apache.org/ns/synapse">
    <address uri="rabbitmq:/SalesOrderQueue?rabbitmq.server.host.name=localhost&amp;rabbitmq.server.port=5672&amp;rabbitmq.queue.name=SalesOrderQueue&amp;rabbitmq.server.user.name=admin&amp;rabbitmq.server.password=admin&amp;rabbitmq.exchange.name=amq.direct">
        <suspendOnFailure>
            <initialDuration>-1</initialDuration>
            <progressionFactor>1</progressionFactor>
        </suspendOnFailure>
        <markForSuspension>
            <retriesBeforeSuspension>0</retriesBeforeSuspension>
        </markForSuspension>
    </address>
</endpoint>
