{
  "name": "JMS",
  "type": "inbuilt-inbound-endpoint",
  "title": "JMS Inbound Endpoint",
  "id": "jms",
  "elements": [
    {
      "type": "attributeGroup",
      "value": {
        "groupName": "Generic",
        "elements": [
          {
            "type": "attribute",
            "value": {
              "name": "name",
              "displayName": "Inbound Endpoint Name",
              "inputType": "string",
              "required": "true"
            }
          },
          {
            "type": "attribute",
            "value": {
              "name": "sequence",
              "displayName": "Injecting Sequence Name",
              "inputType": "string",
              "required": "true"
            }
          },
          {
            "type": "attribute",
            "value": {
              "name": "onError",
              "displayName": "Error Sequence Name",
              "inputType": "string",
              "required": "true"
            }
          },
          {
            "type": "attribute",
            "value": {
              "name": "suspend",
              "displayName": "Suspend Inbound",
              "inputType": "checkbox",
              "defaultValue": false,
              "hidden": "true",
              "required": "false"
            }
          },
          {
            "type": "attribute",
            "value": {
              "name": "protocol",
              "displayName": "Protocol",
              "inputType": "string",
              "defaultValue": "jms",
              "hidden": "true",
              "required": "true"
            }
          }
        ]
      }
    },
    {
      "type": "attributeGroup",
      "value": {
        "groupName": "Basic",
        "elements": [
          {
            "type": "attribute",
            "value": {
              "name": "interval",
              "displayName": "Polling Interval",
              "inputType": "string",
              "defaultValue": "1000",
              "required": "true"
            }
          },
          {
            "type": "attribute",
            "value": {
              "name": "sequential",
              "displayName": "Sequential",
              "inputType": "checkbox",
              "defaultValue": true,
              "required": "false"
            }
          },
          {
            "type": "attribute",
            "value": {
              "name": "coordination",
              "displayName": "Coordination",
              "inputType": "checkbox",
              "defaultValue": true,
              "required": "false"
            }
          },
          {
            "type": "attribute",
            "value": {
              "name": "java.naming.factory.initial",
              "displayName": "Java Naming Factory Initial",
              "inputType": "string",
              "defaultValue": "",
              "required": "true"
            }
          },
          {
            "type": "attribute",
            "value": {
              "name": "java.naming.provider.url",
              "displayName": "Java Naming Provider URL",
              "inputType": "string",
              "defaultValue": "",
              "required": "true"
            }
          },
          {
            "type": "attribute",
            "value": {
              "name": "transport.jms.ConnectionFactoryJNDIName",
              "displayName": "Connection Factory JNDI Name",
              "inputType": "string",
              "defaultValue": "",
              "required": "true"
            }
          }
        ]
      }
    },
    {
      "type": "attributeGroup",
      "value": {
        "groupName": "Connection",
        "elements": [
          {
            "type": "attribute",
            "value": {
              "name": "transport.jms.ConnectionFactoryType",
              "displayName": "Connection Factory Type",
              "inputType": "comboOrKey",
              "comboValues": [
                "queue",
                "topic"
              ],
              "defaultValue": "",
              "required": "false"
            }
          },
          {
            "type": "attribute",
            "value": {
              "name": "transport.jms.Destination",
              "displayName": "Destination Name",
              "inputType": "string",
              "defaultValue": "",
              "required": "false"
            }
          },
          {
            "type": "attribute",
            "value": {
              "name": "transport.jms.ReplyDestination",
              "displayName": "Reply Destination",
              "inputType": "string",
              "defaultValue": "",
              "required": "false"
            }
          }
        ]
      }
    },
    {
      "type": "attributeGroup",
      "value": {
        "groupName": "Session",
        "elements": [
          {
            "type": "attribute",
            "value": {
              "name": "transport.jms.SessionTransacted",
              "displayName": "Session Transacted",
              "inputType": "checkbox",
              "defaultValue": false,
              "required": "false"
            }
          },
          {
            "type": "attribute",
            "value": {
              "name": "transport.jms.SessionAcknowledgement",
              "displayName": "Session Acknowledgement",
              "inputType": "comboOrKey",
              "comboValues": [
                "AUTO_ACKNOWLEDGE",
                "CLIENT_ACKNOWLEDGE",
                "DUPS_OK_ACKNOWLEDGE",
                "SESSION_TRANSACTED"
              ],
              "defaultValue": "AUTO_ACKNOWLEDGE",
              "required": "false"
            }
          }
        ]
      }
    },
    {
      "type": "attributeGroup",
      "value": {
        "groupName": "Security",
        "elements": [
          {
            "type": "attribute",
            "value": {
              "name": "java.naming.security.credentials",
              "displayName": "Java Naming Security Credentials",
              "inputType": "string",
              "defaultValue": "",
              "required": "false"
            }
          },
          {
            "type": "attribute",
            "value": {
              "name": "java.naming.security.principal",
              "displayName": "Java Naming Security Principal",
              "inputType": "string",
              "defaultValue": "",
              "required": "false"
            }
          },
          {
            "type": "attribute",
            "value": {
              "name": "transport.jms.UserName",
              "displayName": "Transport JMS Username",
              "inputType": "string",
              "defaultValue": "",
              "required": "false"
            }
          },
          {
            "type": "attribute",
            "value": {
              "name": "transport.jms.Password",
              "displayName": "Transport JMS Password",
              "inputType": "string",
              "defaultValue": "",
              "required": "false"
            }
          }
        ]
      }
    },
    {
      "type": "attributeGroup",
      "value": {
        "groupName": "Message",
        "elements": [
          {
            "type": "attribute",
            "value": {
              "name": "transport.jms.CacheLevel",
              "displayName": "Cache Level",
              "inputType": "string",
              "defaultValue": "3",
              "required": "false"
            }
          },
          {
            "type": "attribute",
            "value": {
              "name": "transport.jms.ContentType",
              "displayName": "Content Type",
              "inputType": "string",
              "defaultValue": "",
              "required": "false"
            }
          },
          {
            "type": "attribute",
            "value": {
              "name": "transport.jms.JMSSpecVersion",
              "displayName": "JMS Spec Version",
              "inputType": "string",
              "defaultValue": "",
              "required": "false"
            }
          },
          {
            "type": "attribute",
            "value": {
              "name": "transport.jms.ContentTypeProperty",
              "displayName": "Content Type Property",
              "inputType": "string",
              "defaultValue": "",
              "required": "false"
            }
          }
        ]
      }
    },
    {
      "type": "attributeGroup",
      "value": {
        "groupName": "Subscription",
        "elements": [
          {
            "type": "attribute",
            "value": {
              "name": "transport.jms.SubscriptionDurable",
              "displayName": "Subscription Durable",
              "inputType": "checkbox",
              "defaultValue": false,
              "required": "false"
            }
          },
          {
            "type": "attribute",
            "value": {
              "name": "transport.jms.DurableSubscriberClientID",
              "displayName": "Durable Subscriber Client ID",
              "inputType": "string",
              "defaultValue": "",
              "required": "false"
            }
          },
          {
            "type": "attribute",
            "value": {
              "name": "transport.jms.DurableSubscriberName",
              "displayName": "Durable Subscriber Name",
              "inputType": "string",
              "defaultValue": "",
              "required": "false"
            }
          },
          {
            "type": "attribute",
            "value": {
              "name": "transport.jms.SharedSubscription",
              "displayName": "Shared Subscription",
              "inputType": "checkbox",
              "defaultValue": false,
              "required": "false"
            }
          }
        ]
      }
    },
    {
      "type": "attributeGroup",
      "value": {
        "groupName": "Resilience",
        "elements": [
          {
            "type": "attribute",
            "value": {
              "name": "concurrent.consumers",
              "displayName": "Consumers",
              "inputType": "string",
              "defaultValue": "",
              "required": "false"
            }
          },
          {
            "type": "attribute",
            "value": {
              "name": "transport.jms.retry.duration",
              "displayName": "Retry Duration",
              "inputType": "string",
              "defaultValue": "",
              "required": "false"
            }
          },
          {
            "type": "attribute",
            "value": {
              "name": "transport.jms.ResetConnectionOnPollingSuspension",
              "displayName": "Reset Connection On Polling Suspension",
              "inputType": "checkbox",
              "defaultValue": false,
              "required": "false"
            }
          },
          {
            "type": "attribute",
            "value": {
              "name": "transport.jms.RetriesBeforeSuspension",
              "displayName": "Retries Before Suspension",
              "inputType": "string",
              "defaultValue": "",
              "required": "false"
            }
          },
          {
            "type": "attribute",
            "value": {
              "name": "transport.jms.PollingSuspensionPeriod",
              "displayName": "Polling Suspension Period",
              "inputType": "string",
              "defaultValue": "",
              "required": "false"
            }
          },
          {
            "type": "attribute",
            "value": {
              "name": "transport.jms.ReceiveTimeout",
              "displayName": "Receive Timeout",
              "inputType": "string",
              "defaultValue": "",
              "required": "false"
            }
          }
        ]
      }
    },
    {
      "type": "attributeGroup",
      "value": {
        "groupName": "Other",
        "elements": [
          {
            "type": "attribute",
            "value": {
              "name": "transport.jms.MessageSelector",
              "displayName": "MessageSelector",
              "inputType": "string",
              "defaultValue": "",
              "required": "false"
            }
          },
          {
            "type": "attribute",
            "value": {
              "name": "transport.jms.PubSubNoLocal",
              "displayName": "PubSub No Local",
              "inputType": "checkbox",
              "defaultValue": false,
              "required": "false"
            }
          },
          {
            "type": "attribute",
            "value": {
              "name": "pinnedServers",
              "displayName": "Pinned Servers",
              "inputType": "string",
              "defaultValue": "",
              "required": "false"
            }
          },
          {
            "type": "attribute",
            "value": {
              "name": "transport.jms.MessagePropertyHyphens",
              "displayName": "Message Property Hyphens",
              "inputType": "string",
              "defaultValue": "",
              "required": "false"
            }
          }
        ]
      }
    }
  ]
}
