<?xml version="1.0" encoding="UTF-8"?>
<wizard>
	<projectOptions title="Multiple Artifact Project Creation Options" 
					description="Select how you would like to create your new project" 
					error="Please select a method to create the project">
		<option id="new.multipleArtifactProject" default="true">Create New Multiple Artifact Project</option>
		<option id="import.new.multipleArtifactProject">New Mulitple Artifact Project By Artifacts in Deployment Server (&lt;CARBON_HOME&gt;/repository/deployment/server/)</option>
	</projectOptions>
	
	<projectOptionSettings>
		<settings optionId="new.multipleArtifactProject" 
				  title="Multiple Artifact Project" 
				  description="Create a new Multiple Artifact Project" 
				  error="Please give a name to the Project">
			<data modelProperty="project.name" type="string" fieldController="org.wso2.developerstudio.eclipse.multiple.artifact.project.parent.validators.MultipleArtifactProjectFieldController">Multiple Artifact Project Name*</data>	  
	
			<projectNatures>
				<nature>org.eclipse.jdt.core.javanature</nature>
			</projectNatures>
		</settings>
		<settings optionId="import.new.multipleArtifactProject" 
				  title="Multiple Artifact Project" 
				  description="Create an Multiple Artifact Project using existing Project" 
				  error="Browse and select an existing Multiple Artifact Project">
			<data modelProperty="project.name" type="string" fieldController="org.wso2.developerstudio.eclipse.multiple.artifact.project.parent.validators.MultipleArtifactProjectFieldController">Multiple Artifact Project Name*</data>
			<data modelProperty="project.location" type="dir" filter="server" fieldController="org.wso2.developerstudio.eclipse.multiple.artifact.project.parent.validators.MultipleArtifactProjectFieldController">Deployment Server Location*</data>
			<projectNatures>
				<nature>org.eclipse.jdt.core.javanature</nature>
			</projectNatures>
		</settings>
		
	</projectOptionSettings>
</wizard>
	
	
	
	
	
	
	
	
	
	
	
	
	
	
	
	