<?xml version="1.0" encoding="UTF-8"?>
<wizard>
	<projectOptions title="Receiver Artifact Creation Options" 
					description="Select how you would like to create your new XML artifact" 
					error="Please select a method to create the XML  artifact">
		<option id="new.xml.artifact" default="true">Create New XML Artifact</option>
		<option id="import.xml.artifact">Import Receiver </option>
	</projectOptions>
	<projectOptionSettings>
		<settings optionId="new.xml.artifact" 
				  title="XML Artifact" 
				  description="Create a new XML Artifact" 
				  error="Please give a name for the XML Artifact">
				  
			<data modelProperty="project.name" type="string" fieldController="org.wso2.developerstudio.eclipse.sample.xml.artifact.validators.XMLArtifactFieldController">Artifact Name    </data>
			<data modelProperty="selected.project" type="workspacefolder" fieldController="org.wso2.developerstudio.eclipse.sample.xml.artifact.validators.XMLArtifactFieldController" controlData="filterClass=org.wso2.developerstudio.eclipse.sample.xml.artifact.validators.XMLArtifactProjectFilter">Save Artifact in:</data>
			<data modelProperty="create.multiple.artifact.project" type="link" fieldController="org.wso2.developerstudio.eclipse.sample.xml.artifact.validators.XMLArtifactFieldController" controlData="align=right">&lt;a&gt;Create new Project...&lt;/a&gt;</data>
		
		</settings>
		
		<settings optionId="import.xml.artifact" 
				  title="XML Artifact" 
				  description="Create an XML Artifact using a configuration file with Artifact defined" 
				  error="Browse and select an XML Artifact configuration file">
			
			<data modelProperty="import.file" type="file" filter="*.xml" fieldController="org.wso2.developerstudio.eclipse.sample.xml.artifact.validators.XMLArtifactFieldController">XML Artifact Configuration File</data>
			<data modelProperty="selected.project" type="workspacefolder" fieldController="org.wso2.developerstudio.eclipse.sample.xml.artifact.validators.XMLArtifactFieldController" controlData="filterClass=org.wso2.developerstudio.eclipse.sample.xml.artifact.validators.XMLArtifactProjectFilter" >Save Artifact in: </data>
			<data modelProperty="create.multiple.artifact.project" type="link" fieldController="org.wso2.developerstudio.eclipse.sample.xml.artifact.validators.XMLArtifactFieldController" controlData="align=right" >&lt;a&gt;Create new Project...&lt;/a&gt;</data>
			
		</settings>
	</projectOptionSettings>
</wizard>