<?xml version="1.0" encoding="UTF-8"?>
<api context="/email" name="EmailService" xmlns="http://ws.apache.org/ns/synapse">
    <resource methods="POST" uri-template="/send">
        <inSequence>
            <email.send configKey="smtpsconnection">
                <from>{json-eval($.from)}</from>
                <to>{json-eval($.to)}</to>
                <subject>{json-eval($.subject)}</subject>
                <content>{json-eval($.content)}</content>
                <contentType>{json-eval($.contentType)}</contentType>
                <attachments>{json-eval($.attachments)}</attachments>
            </email.send>
            <respond/>
        </inSequence>
        <outSequence/>
        <faultSequence/>
    </resource>
    <resource methods="POST" uri-template="/retrieve">
        <inSequence>
            <email.list configKey="imapsconnection">
                <deleteAfterRetrieve>false</deleteAfterRetrieve>
                <subjectRegex>{json-eval($.subjectRegex)}</subjectRegex>
            </email.list>
            <foreach expression="//emails/email">
                <sequence>
                    <email.getEmailBody>
                        <emailIndex>{//email/index/text()}</emailIndex>
                    </email.getEmailBody>
                    <payloadFactory media-type="xml">
                        <format>
                            <email xmlns="">
                                <emailID>$1</emailID>
                                <to>$2</to>
                                <from>$3</from>
                                <subject>$4</subject>
                                <textContent>$5</textContent>
                            </email>
                        </format>
                        <args>
                            <arg evaluator="xml" expression="//email/emailID"/>
                            <arg evaluator="xml" expression="//email/to"/>
                            <arg evaluator="xml" expression="//email/from"/>
                            <arg evaluator="xml" expression="//email/subject"/>
                            <arg evaluator="xml" expression="$ctx:TEXT_CONTENT"/>
                        </args>
                    </payloadFactory>
                </sequence>
            </foreach>
            <property name="messageType" scope="axis2" type="STRING" value="application/json"/>
            <respond/>
        </inSequence>
        <outSequence/>
        <faultSequence>
            <log level="custom">
                <property expression="get-property('ERROR_CODE')" name="ERROR CODE"/>
                <property expression="get-property('ERROR_MESSAGE')" name="ERROR MESSAGE"/>
            </log>
        </faultSequence>
    </resource>
</api>
