{
  "name": "HL7",
  "type": "inbuilt-inbound-endpoint",
  "title": "HL7 Inbound Endpoint",
  "id": "hl7",
  "elements": [
    {
      "type": "attributeGroup",
      "value": {
        "groupName": "Generic",
        "elements": [
          {
            "type": "attribute",
            "value": {
              "name": "name",
              "displayName": "Inbound Endpoint Name",
              "inputType": "string",
              "required": "true"
            }
          },
          {
            "type": "attribute",
            "value": {
              "name": "sequence",
              "displayName": "Injecting Sequence Name",
              "inputType": "string",
              "required": "true"
            }
          },
          {
            "type": "attribute",
            "value": {
              "name": "onError",
              "displayName": "Error Sequence Name",
              "inputType": "string",
              "required": "true"
            }
          },
          {
            "type": "attribute",
            "value": {
              "name": "suspend",
              "displayName": "Suspend Inbound",
              "inputType": "checkbox",
              "defaultValue": false,
              "hidden": "true",
              "required": "false"
            }
          },
          {
            "type": "attribute",
            "value": {
              "name": "protocol",
              "displayName": "Protocol",
              "inputType": "string",
              "defaultValue": "hl7",
              "hidden": "true",
              "required": "true"
            }
          }
        ]
      }
    },
    {
      "type": "attributeGroup",
      "value": {
        "groupName": "Basic",
        "elements": [
          {
            "type": "attribute",
            "value": {
              "name": "inbound.hl7.Port",
              "displayName": "Port",
              "inputType": "string",
              "defaultValue": "",
              "required": "false"
            }
          },
          {
            "type": "attribute",
            "value": {
              "name": "inbound.hl7.AutoAck",
              "displayName": "Auto Acknowledge",
              "inputType": "checkbox",
              "defaultValue": true,
              "required": "false"
            }
          }
        ]
      }
    },
    {
      "type": "attributeGroup",
      "value": {
        "groupName": "Advanced",
        "elements": [
          {
            "type": "attribute",
            "value": {
              "name": "inbound.hl7.MessagePreProcessor",
              "displayName": "Message Pre-processor",
              "inputType": "string",
              "defaultValue": "",
              "required": "false"
            }
          },
          {
            "type": "attribute",
            "value": {
              "name": "inbound.hl7.CharSet",
              "displayName": "CharSet",
              "inputType": "string",
              "defaultValue": "US-ASCII",
              "required": "false"
            }
          },
          {
            "type": "attribute",
            "value": {
              "name": "inbound.hl7.TimeOut",
              "displayName": "Timeout",
              "inputType": "string",
              "defaultValue": "10000",
              "required": "false"
            }
          },
          {
            "type": "attribute",
            "value": {
              "name": "inbound.hl7.ValidateMessage",
              "displayName": "Validate Message",
              "inputType": "checkbox",
              "defaultValue": true,
              "required": "false"
            }
          },
          {
            "type": "attribute",
            "value": {
              "name": "inbound.hl7.BuildInvalidMessages",
              "displayName": "Build Invalid Messages",
              "inputType": "checkbox",
              "defaultValue": false,
              "required": "false"
            }
          },
          {
            "type": "attribute",
            "value": {
              "name": "inbound.hl7.PassThroughInvalidMessages",
              "displayName": "Pass Through Invalid Messages",
              "inputType": "checkbox",
              "defaultValue": false,
              "required": "false"
            }
          }
        ]
      }
    }
  ]
}
