<?xml version="1.0" encoding="UTF-8"?>
<api context="/publishweatherdata" name="WeatherDataPublishAPI" xmlns="http://ws.apache.org/ns/synapse">
    <resource methods="POST">
        <inSequence>
            <kafkaTransport.publishMessages configKey="KafkaConnection">
                <topic>weatherdatatopic</topic>
                <partitionNo>0</partitionNo>
                <keySchemaSoftDeleted>false</keySchemaSoftDeleted>
                <valueSchemaSoftDeleted>false</valueSchemaSoftDeleted>
            </kafkaTransport.publishMessages>
            <payloadFactory media-type="json">
                <format>
                    {"topic":"$1", "partition":"$2", "offset":"$3"}
                </format>
                <args>
                    <arg evaluator="xml" expression="$ctx:topic"/>
                    <arg evaluator="xml" expression="$ctx:partition"/>
                    <arg evaluator="xml" expression="$ctx:offset"/>
                </args>
            </payloadFactory>
            <property name="messageType" scope="axis2" type="STRING" value="application/json"/>
            <respond/>
        </inSequence>
        <outSequence/>
        <faultSequence/>
    </resource>
</api>
