{
  "name": "CXF WS-RM",
  "type": "inbuilt-inbound-endpoint",
  "title": "CXF WS-RM Inbound Endpoint",
  "id": "org.wso2.carbon.inbound.endpoint.ext.wsrm.InboundRMHttpListener",
  "elements": [
    {
      "type": "attributeGroup",
      "value": {
        "groupName": "Generic",
        "isCollapsed": false,
        "elements": [
          {
            "type": "attribute",
            "value": {
              "name": "name",
              "displayName": "Inbound Endpoint Name",
              "inputType": "string",
              "required": "true"
            }
          },
          {
            "type": "attribute",
            "value": {
              "name": "sequence",
              "displayName": "Injecting Sequence Name",
              "inputType": "string",
              "required": "true"
            }
          },
          {
            "type": "attribute",
            "value": {
              "name": "onError",
              "displayName": "Error Sequence Name",
              "inputType": "string",
              "required": "true"
            }
          },
          {
            "type": "attribute",
            "value": {
              "name": "suspend",
              "displayName": "Suspend Inbound",
              "inputType": "checkbox",
              "defaultValue": false,
              "hidden": "true",
              "required": "false"
            }
          },
          {
            "type": "attribute",
            "value": {
              "name": "class",
              "displayName": "Class",
              "inputType": "string",
              "defaultValue": "org.wso2.carbon.inbound.endpoint.ext.wsrm.InboundRMHttpListener",
              "hidden": "true",
              "required": "true"
            }
          }
        ]
      }
    },
    {
      "type": "attributeGroup",
      "value": {
        "groupName": "Basic",
        "isCollapsed": false,
        "elements": [
          {
            "type": "attribute",
            "value": {
              "name": "inbound.cxf.rm.host",
              "displayName": "Host",
              "inputType": "string",
              "defaultValue": "",
              "required": "false"
            }
          },
          {
            "type": "attribute",
            "value": {
              "name": "inbound.cxf.rm.port",
              "displayName": "Port",
              "inputType": "string",
              "defaultValue": "",
              "required": "false"
            }
          },
          {
            "type": "attribute",
            "value": {
              "name": "sequential",
              "displayName": "Sequential",
              "inputType": "checkbox",
              "defaultValue": true,
              "required": "false"
            }
          },
          {
            "type": "attribute",
            "value": {
              "name": "coordination",
              "displayName": "Coordination",
              "inputType": "checkbox",
              "defaultValue": true,
              "required": "false"
            }
          }
        ]
      }
    },
    {
      "type": "attributeGroup",
      "value": {
        "groupName": "Advanced",
        "isCollapsed": true,
        "elements": [
          {
            "type": "attribute",
            "value": {
              "name": "inbound.cxf.rm.config-file",
              "displayName": "Config File",
              "inputType": "string",
              "defaultValue": "",
              "required": "false"
            }
          },
          {
            "type": "attribute",
            "value": {
              "name": "enableSSL",
              "displayName": "Enable SSL",
              "inputType": "checkbox",
              "defaultValue": false,
              "required": "false"
            }
          }
        ]
      }
    }
  ]
}
