<?xml version="1.0" encoding="UTF-8"?>
<api context="/registeruserapi" name="UserRegistrationAPI" xmlns="http://ws.apache.org/ns/synapse">
    <resource methods="POST">
        <inSequence>
            <property description="Generate 202 response from mediation flow" name="FORCE_SC_ACCEPTED" scope="axis2" type="STRING" value="true"/>
            <store description="Publish request payload to JMS message store" messageStore="UserRegistrationMS"/>
        </inSequence>
        <outSequence/>
        <faultSequence/>
    </resource>
</api>
