<?xml version="1.0" encoding="UTF-8"?>
<api context="/calculate" name="CalculatorAPI" xmlns="http://ws.apache.org/ns/synapse">
    <resource methods="POST">
        <inSequence>
            <log description="Log Request Payload" level="full"/>
            <switch description="Route based on the Operation" source="$trp:Operation">
                <case regex="Add">
                    <payloadFactory description="Construct payload for addition operation" media-type="xml">
                        <format>
                            <tem:AddInteger xmlns:tem="http://tempuri.org">
                                <tem:Arg1>$1</tem:Arg1>
                                <tem:Arg2>$2</tem:Arg2>
                            </tem:AddInteger>
                        </format>
                        <args>
                            <arg evaluator="xml" expression="//ArithmaticOperation/Arg1"/>
                            <arg evaluator="xml" expression="//ArithmaticOperation/Arg2"/>
                        </args>
                    </payloadFactory>
                    <header description="Set SOAPAction header" name="Action" scope="default" value="http://tempuri.org/SOAP.Demo.AddInteger"/>
                    <call description="Send request to the endpoint">
                        <endpoint key="CalculatorAddEP"/>
                    </call>
                </case>
                <case regex="Divide">
                    <payloadFactory description="Construct payload for division operation" media-type="xml">
                        <format>
                            <tem:DivideInteger xmlns:tem="http://tempuri.org">
                                <tem:Arg1>$1</tem:Arg1>
                                <tem:Arg2>$2</tem:Arg2>
                            </tem:DivideInteger>
                        </format>
                        <args>
                            <arg evaluator="xml" expression="//ArithmaticOperation/Arg1"/>
                            <arg evaluator="xml" expression="//ArithmaticOperation/Arg2"/>
                        </args>
                    </payloadFactory>
                    <header description="Set SOAPAction header" name="Action" scope="default" value="http://tempuri.org/SOAP.Demo.DivideInteger"/>
                    <call>
                        <endpoint key="CalculatorDivideEP"/>
                    </call>
                </case>
                <default>
                    <payloadFactory description="Create response payload for unsupported operation" media-type="xml">
                        <format>
                            <Message xmlns="">Unsupported operation.</Message>
                        </format>
                        <args/>
                    </payloadFactory>
                </default>
            </switch>
            <respond description="Send result to the client"/>
        </inSequence>
        <outSequence/>
        <faultSequence/>
    </resource>
</api>
